{"cameraMode":{"drawMode":0,"name":"Shaded","section":"Shading Mode"},"sceneLighting":false,"audioPlay":false,"sceneViewState":{"m_AlwaysRefresh":false,"showFog":true,"showSkybox":false,"showFlares":true,"showImageEffects":true,"showParticleSystems":true,"showVisualEffectGraphs":true,"m_FxEnabled":true},"in2DMode":false,"pivot":{"x":-0.003028731793165207,"y":0.043442174792289737,"z":0.001366943120956421},"rotation":{"x":0.14389513432979585,"y":-0.33117857575416567,"z":0.05115173012018204,"w":0.9311814308166504},"size":0.05279877036809921,"orthographic":false}