{"cameraMode":{"drawMode":0,"name":"Shaded","section":"Shading Mode"},"sceneLighting":false,"audioPlay":false,"sceneViewState":{"m_AlwaysRefresh":false,"showFog":true,"showSkybox":false,"showFlares":true,"showImageEffects":true,"showParticleSystems":true,"showVisualEffectGraphs":true,"m_FxEnabled":true},"in2DMode":false,"pivot":{"x":-0.05406228452920914,"y":0.08399595320224762,"z":0.022530127316713334},"rotation":{"x":0.11008252948522568,"y":-0.7967551946640015,"z":0.15263482928276063,"w":0.5743473172187805},"size":0.05990932509303093,"orthographic":false}